attribute,mean,max,min
bpol,38.754965407492726,247.965709,0.0
ATSm5,51.8507064927954,407.642377,0.0
ATSc1,0.7023659682814298,7.011197,0.0
nHBAcc,6.391354466858788,60.0,0.0
maccs_322_035,0.5729106628242074,1.0,0.0
pattern_c44,0.49971181556195965,1.0,0.0
nB,28.87262247838618,176.0,0.0
maccs_k132,0.592507204610951,1.0,0.0
MW,389.30424358155653,2446.198955,17.00274
TopoPSA,103.46043804034565,965.2,0.0
apol,61.954145831700316,366.140291,1.468793
maccs_322_027,0.7902017291066282,1.0,0.0
pattern_c86,0.7902017291066282,1.0,0.0
maccs_322_028,0.6657060518731989,1.0,0.0
pattern_c88,0.6657060518731989,1.0,0.0
nHBDon,2.869740634005764,34.0,0.0
ATSc5,-0.05239697693194928,3.054225,-3.357506
ATSm4,54.014427047838645,378.682984,0.0
pubchem_f340,0.3982708933717579,1.0,0.0
maccs_322_017,0.5446685878962536,1.0,0.0
ATSm2,33.40345916023049,201.24035,0.0
maccs_322_034,0.652449567723343,1.0,0.0
pattern_c34,0.652449567723343,1.0,0.0
pattern_c89,0.652449567723343,1.0,0.0
ATSm3,48.33366232219027,298.747967,0.0
ATSm1,34.89399529394816,254.960713,1.774469
maccs_k155,0.8518731988472622,1.0,0.0
maccs_322_044,0.6829971181556196,1.0,0.0
maccs_322_257,0.5827089337175793,1.0,0.0
pubchem_f572,0.3561959654178674,1.0,0.0
pubchem_f003,0.6853025936599424,1.0,0.0
hydroxyl,0.5763688760806917,1.0,0.0
pubchem_f407,0.5763688760806917,1.0,0.0
carbonyl,0.575792507204611,1.0,0.0
maccs_k146,0.5608069164265129,1.0,0.0
pubchem_f309,0.5878962536023055,1.0,0.0
maccs_k139,0.5878962536023055,1.0,0.0
AMR,100.80525706051857,512.0106,0.0
maccs_k090,0.47780979827089337,1.0,0.0
pattern_c38,0.6270893371757925,1.0,0.0
_13-tautomerizable,0.6270893371757925,1.0,0.0
aliphatic alcohol,0.3227665706051873,1.0,0.0
secondary alcohol,0.32103746397694527,1.0,0.0
pubchem_f618,0.5452449567723343,1.0,0.0
maccs_k131,0.4760806916426513,1.0,0.0
maccs_k091,0.4760806916426513,1.0,0.0
maccs_322_059,0.89164265129683,1.0,0.0
pubchem_f347,0.5435158501440922,1.0,0.0
pubchem_f021,0.41729106628242074,1.0,0.0
maccs_k140,0.41729106628242074,1.0,0.0
maccs_k128,0.5538904899135446,1.0,0.0
pubchem_f353,0.8634005763688761,1.0,0.0
maccs_k104,0.44610951008645533,1.0,0.0
maccs_322_061,0.736599423631124,1.0,0.0
MLogP,2.9228414985590776,7.4,-2.06
maccs_k157,0.770028818443804,1.0,0.0
co_single_bond,0.770028818443804,1.0,0.0
nRotB,7.699711815561959,81.0,0.0
maccs_322_051,0.3504322766570605,1.0,0.0
maccs_322_127,0.5959654178674352,1.0,0.0
maccs_k126,0.738328530259366,1.0,0.0
maccs_322_007,0.7262247838616714,1.0,0.0
pubchem_f002,0.923342939481268,1.0,0.0
maccs_k054,0.2743515850144092,1.0,0.0
maccs_322_008,0.9181556195965418,1.0,0.0
maccs_k129,0.5521613832853026,1.0,0.0
pubchem_f287,0.8760806916426513,1.0,0.0
sat_carb_r6,0.2420749279538905,1.0,0.0
maccs_322_043,0.8144092219020173,1.0,0.0
pattern_c111,0.2899135446685879,1.0,0.0
pubchem_f336,0.362536023054755,1.0,0.0
pubchem_f020,0.7492795389048992,1.0,0.0
maccs_k159,0.7492795389048992,1.0,0.0
XLogP,2.3952426512968352,23.399,-19.634
ATSc2,-0.3130901522491349,0.005913,-3.619953
pattern_c16,0.2829971181556196,1.0,0.0
pubchem_f381,0.45994236311239195,1.0,0.0
maccs_k123,0.45994236311239195,1.0,0.0
pubchem_f638,0.7193083573487031,1.0,0.0
maccs_k066,0.44149855907780977,1.0,0.0
maccs_322_013,0.2414985590778098,1.0,0.0
maccs_322_259,0.28357348703170027,1.0,0.0
ALogP,-0.840873544668588,12.5643,-28.3519
pubchem_f664,0.2478386167146974,1.0,0.0
pubchem_f444,0.6449567723342939,1.0,0.0
maccs_k147,0.6051873198847262,1.0,0.0
maccs_k118,0.6046109510086455,1.0,0.0
maccs_k136,0.3331412103746398,1.0,0.0
maccs_k112,0.9394812680115274,1.0,0.0
maccs_k050,0.22593659942363112,1.0,0.0
primary alcohol,0.1642651296829971,1.0,0.0
maccs_k108,0.48818443804034584,1.0,0.0
maccs_k053,0.24956772334293947,1.0,0.0
pubchem_f682,0.2478386167146974,1.0,0.0
pubchem_f681,0.6829971181556196,1.0,0.0
pubchem_f335,0.23285302593659943,1.0,0.0
pubchem_f712,0.23227665706051873,1.0,0.0
pubchem_f004,0.276657060518732,1.0,0.0
pubchem_f001,0.9648414985590779,1.0,0.0
maccs_k082,0.261671469740634,1.0,0.0
pubchem_f441,0.37694524495677234,1.0,0.0
pattern_c6,0.269164265129683,1.0,0.0
pubchem_f580,0.5406340057636888,1.0,0.0
sugar_pattern_1,0.14985590778097982,1.0,0.0
112_trisubstituted_alkene,0.1665706051873199,1.0,0.0
pubchem_f022,0.1665706051873199,1.0,0.0
C ONS bond,0.9631123919308358,1.0,0.0
pubchem_f536,0.5878962536023055,1.0,0.0
alkenyl,0.33659942363112394,1.0,0.0
pattern_c42,0.33659942363112394,1.0,0.0
pattern_c41,0.33659942363112394,1.0,0.0
maccs_322_125,0.3636887608069164,1.0,0.0
cc_double_bond,0.3636887608069164,1.0,0.0
maccs_k099,0.3636887608069164,1.0,0.0
maccs_k076,0.3631123919308357,1.0,0.0
pubchem_f013,0.5648414985590778,1.0,0.0
pubchem_f367,0.6236311239193083,1.0,0.0
aliphatic_chain_4,0.8161383285302594,1.0,0.0
ATSc3,-0.06716862629757787,2.779294,-2.440778
pubchem_f421,0.6662824207492796,1.0,0.0
maccs_k154,0.659942363112392,1.0,0.0
pubchem_f840,0.1170028818443804,1.0,0.0
oxygen_atom,0.9002881844380404,1.0,0.0
pubchem_f019,0.9002881844380404,1.0,0.0
maccs_k164,0.9002881844380404,1.0,0.0
pubchem_f012,0.8778097982708933,1.0,0.0
maccs_322_011,0.9567723342939481,1.0,0.0
pubchem_f014,0.1377521613832853,1.0,0.0
pubchem_f619,0.44553314121037463,1.0,0.0
pubchem_f453,0.385014409221902,1.0,0.0
maccs_k152,0.652449567723343,1.0,0.0
pubchem_f342,0.652449567723343,1.0,0.0
maccs_322_139,0.023054755043227664,1.0,0.0
maccs_k063,0.023054755043227664,1.0,0.0
maccs_322_137,0.023054755043227664,1.0,0.0
pattern_c37,0.5302593659942363,1.0,0.0
maccs_k115,0.49971181556195965,1.0,0.0
maccs_k072,0.31873198847262246,1.0,0.0
pattern_c71,0.45763688760806914,1.0,0.0
pubchem_f553,0.45763688760806914,1.0,0.0
pubchem_f521,0.45763688760806914,1.0,0.0
pubchem_f471,0.45763688760806914,1.0,0.0
pattern_c73,0.4449567723342939,1.0,0.0
pubchem_f568,0.2864553314121037,1.0,0.0
sugar_pattern_2,0.12910662824207492,1.0,0.0
maccs_k070,0.029971181556195964,1.0,0.0
pubchem_f424,0.027089337175792507,1.0,0.0
pubchem_f585,0.4547550432276657,1.0,0.0
pubchem_f579,0.4547550432276657,1.0,0.0
pubchem_f678,0.4547550432276657,1.0,0.0
pubchem_f604,0.4547550432276657,1.0,0.0
pubchem_f685,0.5014409221902018,1.0,0.0
ALogp2,18.680272867435153,803.830234,0.0
nAcid,0.4524495677233429,14.0,0.0
pubchem_f385,0.49221902017291064,1.0,0.0
pubchem_f691,0.31239193083573485,1.0,0.0
ATSc4,0.05494621741637828,2.436468,-3.204807
pattern_c75,0.49279538904899134,1.0,0.0
pubchem_f615,0.4069164265129683,1.0,0.0
pattern_c48,0.4069164265129683,1.0,0.0
pattern_c76,0.42997118155619596,1.0,0.0
hexoside,0.10144092219020173,1.0,0.0
pubchem_f372,0.45821325648414984,1.0,0.0
nAtomP,7.587896253602305,34.0,0.0
pubchem_f463,0.1244956772334294,1.0,0.0
pubchem_f538,0.1244956772334294,1.0,0.0
pattern_c15,0.9717579250720461,1.0,0.0
chiral_center_specified,0.9717579250720461,1.0,0.0
pattern_c33,0.9717579250720461,1.0,0.0
pattern_c32,0.9717579250720461,1.0,0.0
pattern_c77,0.4322766570605187,1.0,0.0
pubchem_f669,0.4605187319884726,1.0,0.0
pubchem_f635,0.4605187319884726,1.0,0.0
maccs_k071,0.0345821325648415,1.0,0.0
pubchem_f302,0.0345821325648415,1.0,0.0
pubchem_f662,0.15504322766570605,1.0,0.0
pubchem_f571,0.469164265129683,1.0,0.0
maccs_322_016,0.9798270893371758,1.0,0.0
pattern_c8,0.9798270893371758,1.0,0.0
pattern_c113,0.12103746397694524,1.0,0.0
pubchem_f371,0.47146974063400576,1.0,0.0
pubchem_f609,0.46455331412103745,1.0,0.0
pubchem_f596,0.46455331412103745,1.0,0.0
pubchem_f687,0.1654178674351585,1.0,0.0
sugar_pattern_combi,0.11873198847262248,1.0,0.0
pubchem_f356,0.5020172910662825,1.0,0.0
pattern_c10,0.14755043227665707,1.0,0.0
pubchem_f256,0.506628242074928,1.0,0.0
pubchem_f640,0.30720461095100865,1.0,0.0
aromatic,0.5072046109510087,1.0,0.0
maccs_k162,0.5072046109510087,1.0,0.0
maccs_k089,0.38270893371757925,1.0,0.0
sugar_pattern_2_alpha,0.0893371757925072,1.0,0.0
maccs_k141,0.3654178674351585,1.0,0.0
pattern_c112,0.17002881844380405,1.0,0.0
maccs_k026,0.08818443804034583,1.0,0.0
pubchem_f348,0.12853025936599424,1.0,0.0
maccs_322_031,0.012103746397694525,1.0,0.0
pubchem_f564,0.15677233429394813,1.0,0.0
pubchem_f333,0.9746397694524496,1.0,0.0
pubchem_f702,0.2749279538904899,1.0,0.0
maccs_k116,0.5083573487031701,1.0,0.0
pattern_c115,0.1250720461095101,1.0,0.0
pubchem_f861,0.13890489913544668,1.0,0.0
maccs_322_004,0.9913544668587896,1.0,0.0
pubchem_f145,0.13659942363112393,1.0,0.0
maccs_322_070,0.013256484149855908,1.0,0.0
steroid,0.07953890489913544,1.0,0.0
pubchem_f663,0.2547550432276657,1.0,0.0
poly_sugar_1,0.07838616714697406,1.0,0.0
ester_deriv,0.1579250720461095,1.0,0.0
pubchem_f583,0.9037463976945245,1.0,0.0
pubchem_f693,0.43746397694524497,1.0,0.0
pattern_c49,0.3227665706051873,1.0,0.0
maccs_k109,0.330835734870317,1.0,0.0
poly_sugar_2,0.07550432276657061,1.0,0.0
aliph_carboxylic,0.2,1.0,0.0
fatty acyl,0.24956772334293947,1.0,0.0
pubchem_f565,0.5060518731988473,1.0,0.0
carboxyl,0.21902017291066284,1.0,0.0
pubchem_f011,0.9769452449567724,1.0,0.0
maccs_k057,0.33602305475504324,1.0,0.0
oxacycle,0.33602305475504324,1.0,0.0
pattern_c116,0.07262247838616714,1.0,0.0
pubchem_f189,0.11181556195965418,1.0,0.0
pubchem_f665,0.5020172910662825,1.0,0.0
maccs_322_002,0.9734870317002882,1.0,0.0
het_atom,0.9734870317002882,1.0,0.0
pattern_c50,0.3175792507204611,1.0,0.0
para_substituted_ring,0.4962536023054755,1.0,0.0
pubchem_f368,0.1377521613832853,1.0,0.0
pubchem_f690,0.6057636887608069,1.0,0.0
pubchem_f611,0.13659942363112393,1.0,0.0
alpha-amino acid or derivatives,0.09164265129682997,1.0,0.0
acetal,0.13487031700288185,1.0,0.0
maccs_322_050,0.2011527377521614,1.0,0.0
maccs_k127,0.5890489913544669,1.0,0.0
maccs_k143,0.5890489913544669,1.0,0.0
pubchem_f705,0.3930835734870317,1.0,0.0
carboxylic ester,0.10605187319884726,1.0,0.0
pubchem_f151,0.11988472622478386,1.0,0.0
tertiary alcohol,0.06685878962536022,1.0,0.0
ketone,0.1665706051873199,1.0,0.0
maccs_k138,0.5371757925072046,1.0,0.0
ortho_substituted_ring,0.49337175792507204,1.0,0.0
sugar_pattern_2_beta,0.08530259365994236,1.0,0.0
meta_substituted_ring,0.49452449567723344,1.0,0.0
maccs_322_015,0.49510086455331415,1.0,0.0
maccs_k144,0.49510086455331415,1.0,0.0
pattern_c2,0.09971181556195965,1.0,0.0
pubchem_f819,0.2570605187319885,1.0,0.0
pubchem_f567,0.21037463976945245,1.0,0.0
pubchem_f700,0.3498559077809798,1.0,0.0
pubchem_f699,0.5072046109510087,1.0,0.0
spiro_compound,0.058789625360230545,1.0,0.0
pattern_c319,0.014985590778097982,1.0,0.0
maccs_k145,0.5389048991354467,1.0,0.0
maccs_322_046,0.22420749279538904,1.0,0.0
pubchem_f777,0.2334293948126801,1.0,0.0
12_disubstituted_alkene,0.15446685878962535,1.0,0.0
alpha_beta-unsaturated_system,0.1319884726224784,1.0,0.0
pubchem_f517,0.5706051873198847,1.0,0.0
maccs_k074,0.2685878962536023,1.0,0.0
pattern_c285,0.09337175792507205,1.0,0.0
maccs_k149,0.5711815561959654,1.0,0.0
pubchem_f660,0.19423631123919308,1.0,0.0
maccs_k153,0.5435158501440922,1.0,0.0
maccs_k096,0.4051873198847262,1.0,0.0
ring_of_size5,0.4051873198847262,1.0,0.0
pubchem_f144,0.4051873198847262,1.0,0.0
secondary carboxamide,0.13025936599423632,1.0,0.0
pattern_c19,0.13025936599423632,1.0,0.0
pubchem_f023,0.07492795389048991,1.0,0.0
pubchem_f186,0.5331412103746398,1.0,0.0
pubchem_f606,0.07435158501440922,1.0,0.0
oxolane,0.0893371757925072,1.0,0.0
pubchem_f697,0.6455331412103746,1.0,0.0
filter_fused_rings_65_heterocyclic,0.2524495677233429,1.0,0.0
pubchem_f696,0.08703170028818444,1.0,0.0
pattern_c47,0.4853025936599424,1.0,0.0
pubchem_f182,0.34121037463976944,1.0,0.0
maccs_322_066,0.001729106628242075,1.0,0.0
pubchem_f330,0.001729106628242075,1.0,0.0
maccs_k120,0.35389048991354466,1.0,0.0
pattern_c31,0.2553314121037464,1.0,0.0
_15-tautomerizable,0.2553314121037464,1.0,0.0
pattern_c29,0.15273775216138327,1.0,0.0
maccs_322_005,0.7014409221902017,1.0,0.0
pubchem_f345,0.9844380403458213,1.0,0.0
pubchem_f334,0.7348703170028819,1.0,0.0
pattern_c12,0.7348703170028819,1.0,0.0
pattern_c325,0.019020172910662825,1.0,0.0
pubchem_f515,0.019020172910662825,1.0,0.0
pubchem_f339,0.20576368876080692,1.0,0.0
trans_double_bond:,0.12680115273775217,1.0,0.0
pubchem_f639,0.14755043227665707,1.0,0.0
pubchem_f196,0.06397694524495677,1.0,0.0
maccs_k093,0.2547550432276657,1.0,0.0
organoheterocycle,0.5636887608069164,1.0,0.0
maccs_k137,0.5636887608069164,1.0,0.0
phenol ether,0.06974063400576369,1.0,0.0
phenolether_ortho_subs,0.06974063400576369,1.0,0.0
pubchem_f382,0.2685878962536023,1.0,0.0
pubchem_f183,0.1452449567723343,1.0,0.0
pubchem_f692,0.15504322766570605,1.0,0.0
pubchem_f426,0.04092219020172911,1.0,0.0
maccs_322_150,0.04092219020172911,1.0,0.0
allylic alcohol,0.061671469740634005,1.0,0.0
pubchem_f713,0.38155619596541784,1.0,0.0
maccs_k113,0.2639769452449568,1.0,0.0
pubchem_f698,0.484149855907781,1.0,0.0
pubchem_f457,0.040345821325648415,1.0,0.0
pubchem_f203,0.040345821325648415,1.0,0.0
pubchem_f798,0.25302593659942363,1.0,0.0
phenolether_para_subs,0.07089337175792507,1.0,0.0
maccs_k092,0.22651296829971182,1.0,0.0
aliphatic_chain_13,0.15273775216138327,1.0,0.0
maccs_k098,0.39481268011527376,1.0,0.0
heteroring_of_size6,0.39481268011527376,1.0,0.0
pattern_c118,0.03919308357348703,1.0,0.0
pubchem_f361,0.005763688760806916,1.0,0.0
pubchem_f406,0.49510086455331415,1.0,0.0
pattern_c46,0.49510086455331415,1.0,0.0
pattern_c106,0.21902017291066284,1.0,0.0
pubchem_f529,0.23285302593659943,1.0,0.0
pubchem_f703,0.14063400576368876,1.0,0.0
pubchem_f386,0.11815561959654179,1.0,0.0
pubchem_f383,0.23170028818443805,1.0,0.0
pattern_c45,0.49337175792507204,1.0,0.0
pubchem_f338,0.11930835734870317,1.0,0.0
maccs_322_063,0.01440922190201729,1.0,0.0
pubchem_f357,0.41037463976945243,1.0,0.0
pattern_c58,0.21440922190201728,1.0,0.0
peptide,0.037463976945244955,1.0,0.0
maccs_k125,0.31930835734870316,1.0,0.0
maccs_k079,0.16829971181556197,1.0,0.0
pubchem_f689,0.7244956772334294,1.0,0.0
phenoxy_compound,0.11930835734870317,1.0,0.0
maccs_322_009,0.7665706051873199,1.0,0.0
pubchem_f543,0.2276657060518732,1.0,0.0
isobutyl,0.03631123919308357,1.0,0.0
maccs_k119,0.06455331412103746,1.0,0.0
pattern_c51,0.22247838616714696,1.0,0.0
pattern_c53,0.22247838616714696,1.0,0.0
maccs_k094,0.08414985590778098,1.0,0.0
pubchem_f701,0.2195965417867435,1.0,0.0
pattern_c56,0.21729106628242076,1.0,0.0
pubchem_f570,0.15504322766570605,1.0,0.0
pubchem_f607,0.2426512968299712,1.0,0.0
pubchem_f652,0.2426512968299712,1.0,0.0
nitro,0.012103746397694525,1.0,0.0
pubchem_f612,0.15446685878962535,1.0,0.0
pattern_c57,0.21902017291066284,1.0,0.0
pattern_c161,0.15619596541786743,1.0,0.0
pattern_c55,0.2201729106628242,1.0,0.0
pubchem_f017,0.1239193083573487,1.0,0.0
conjug_bond,0.05360230547550432,1.0,0.0
pattern_c59,0.22074927953890489,1.0,0.0
pubchem_f542,0.24495677233429394,1.0,0.0
pattern_c52,0.2213256484149856,1.0,0.0
maccs_k019,0.06685878962536022,1.0,0.0
ring_of_size7,0.06685878962536022,1.0,0.0
maccs_k095,0.2564841498559078,1.0,0.0
r5_1ht_sat,0.11239193083573487,1.0,0.0
masqued_o_quinone,0.012680115273775217,1.0,0.0
pubchem_f709,0.6979827089337176,1.0,0.0
pattern_c11,0.6979827089337176,1.0,0.0
hydrochlorofluorocarbon_pattern1,0.0011527377521613833,1.0,0.0
pattern_c277,0.05187319884726225,1.0,0.0
maccs_k048,0.05187319884726225,1.0,0.0
maccs_k025,0.03170028818443804,1.0,0.0
pubchem_f258,0.3164265129682997,1.0,0.0
pubchem_f799,0.23746397694524496,1.0,0.0
pattern_c54,0.22363112391930837,1.0,0.0
maccs_322_071,0.020172910662824207,1.0,0.0
pubchem_f590,0.18847262247838617,1.0,0.0
pubchem_f627,0.18847262247838617,1.0,0.0
pubchem_f456,0.013256484149855908,1.0,0.0
pubchem_f559,0.016714697406340056,1.0,0.0
pubchem_f566,0.18904899135446687,1.0,0.0
pattern_c7,0.3619596541786744,1.0,0.0
pubchem_f154,0.04956772334293948,1.0,0.0
maccs_k024,0.0207492795389049,1.0,0.0
n_o_single_bond,0.0207492795389049,1.0,0.0
isopropyl,0.08703170028818444,1.0,0.0
pubchem_f362,0.01037463976945245,1.0,0.0
alkylarylether,0.14466858789625361,1.0,0.0
pattern_c28,0.14466858789625361,1.0,0.0
pubchem_f396,0.02478386167146974,1.0,0.0
pubchem_f440,0.20864553314121037,1.0,0.0
pattern_c17,0.04899135446685879,1.0,0.0
diarylthioether,0.007492795389048991,1.0,0.0
nitrobenzene_meta_subs,0.007492795389048991,1.0,0.0
maccs_k056,0.0138328530259366,1.0,0.0
maccs_k052,0.04207492795389049,1.0,0.0
pubchem_f301,0.04207492795389049,1.0,0.0
pubchem_f708,0.0484149855907781,1.0,0.0
unfused_benzene,0.27780979827089336,1.0,0.0
benzene,0.27780979827089336,1.0,0.0
phenoxide_para_subs,0.27780979827089336,1.0,0.0
maccs_k150,0.813256484149856,1.0,0.0
filter_fused_rings_55_heterocyclic,0.02824207492795389,1.0,0.0
primary_amino_azaheterocycle,0.02824207492795389,1.0,0.0
pubchem_f207,0.08472622478386167,1.0,0.0
pubchem_f694,0.19769452449567723,1.0,0.0
pubchem_f841,0.06109510086455332,1.0,0.0
pubchem_f455,0.017867435158501442,1.0,0.0
pubchem_f643,0.16195965417867436,1.0,0.0
pubchem_f582,0.16195965417867436,1.0,0.0
pattern_c24,0.04668587896253602,1.0,0.0
maccs_k069,0.07204610951008646,1.0,0.0
pubchem_f210,0.027089337175792507,1.0,0.0
pubchem_f499,0.261671469740634,1.0,0.0
pubchem_f193,0.32449567723342937,1.0,0.0
maccs_322_020,0.04553314121037464,1.0,0.0
pattern_c26,0.12103746397694524,1.0,0.0
pubchem_f200,0.15043227665706052,1.0,0.0
pubchem_f651,0.022478386167146973,1.0,0.0
pubchem_f402,0.014985590778097982,1.0,0.0
maccs_k029,0.044956772334293946,1.0,0.0
phos_atom,0.044956772334293946,1.0,0.0
pubchem_f031,0.044956772334293946,1.0,0.0
pubchem_f315,0.044956772334293946,1.0,0.0
maccs_k043,0.05821325648414986,1.0,0.0
pubchem_f862,0.05821325648414986,1.0,0.0
pubchem_f477,0.20288184438040346,1.0,0.0
pattern_c36,0.5037463976945245,1.0,0.0
maccs_322_083,0.04438040345821326,1.0,0.0
pubchem_f412,0.04438040345821326,1.0,0.0
organophosphate,0.025360230547550433,1.0,0.0
pubchem_f520,0.1106628242074928,1.0,0.0
2-N-linked ribose deriv.,0.02478386167146974,1.0,0.0
pubchem_f710,0.6703170028818444,1.0,0.0
phenothiazine,0.005763688760806916,1.0,0.0
pubchem_f516,0.03631123919308357,1.0,0.0
pubchem_f190,0.02363112391930836,1.0,0.0
pubchem_f433,0.22247838616714696,1.0,0.0
pubchem_f597,0.10835734870317003,1.0,0.0
pubchem_f722,0.02824207492795389,1.0,0.0
pattern_c21,0.06628242074927954,1.0,0.0
pattern_c215,0.023054755043227664,1.0,0.0
pubchem_f408,0.0414985590778098,1.0,0.0
pubchem_f032,0.022478386167146973,1.0,0.0
pubchem_f505,0.08703170028818444,1.0,0.0
pubchem_f785,0.02881844380403458,1.0,0.0
pubchem_f537,0.1250720461095101,1.0,0.0
pubchem_f647,0.1861671469740634,1.0,0.0
maccs_k033,0.02190201729106628,1.0,0.0
filter_bridged_rings_55_heterocyclic,0.02190201729106628,1.0,0.0
pubchem_f306,0.02190201729106628,1.0,0.0
1_methoxy2_unsubstituted_arene,0.07838616714697406,1.0,0.0
pubchem_f706,0.16772334293948127,1.0,0.0
edg,0.2922190201729107,1.0,0.0
pubchem_f039,0.025360230547550433,1.0,0.0
pubchem_f573,0.08472622478386167,1.0,0.0
pubchem_f605,0.21152737752161382,1.0,0.0
pattern_c242,0.0207492795389049,1.0,0.0
maccs_k105,0.47146974063400576,1.0,0.0
maccs_322_148,0.03861671469740634,1.0,0.0
maccs_k060,0.03861671469740634,1.0,0.0
maccs_k061,0.03861671469740634,1.0,0.0
maccs_322_072,0.020172910662824207,1.0,0.0
sulfonic_acid_derivative,0.020172910662824207,1.0,0.0
phosphate monoester,0.020172910662824207,1.0,0.0
sulfonic_acid,0.020172910662824207,1.0,0.0
pattern_c30,0.24726224783861672,1.0,0.0
pubchem_f485,0.09337175792507205,1.0,0.0
pubchem_f634,0.23170028818443805,1.0,0.0
pubchem_f380,0.10259365994236311,1.0,0.0
pubchem_f451,0.12103746397694524,1.0,0.0
pubchem_f575,0.2760806916426513,1.0,0.0
pattern_c243,0.019596541786743516,1.0,0.0
maccs_k032,0.019596541786743516,1.0,0.0
pubchem_f778,0.27723342939481266,1.0,0.0
pubchem_f601,0.19020172910662825,1.0,0.0
pubchem_f364,0.026512968299711816,1.0,0.0
pattern_c256,0.019020172910662825,1.0,0.0
maccs_322_030,0.2755043227665706,1.0,0.0
annelated_rings,0.45187319884726224,1.0,0.0
mixed_anhydride,0.018443804034582133,1.0,0.0
n-acyl-aliphatic alpha-amino-acid,0.018443804034582133,1.0,0.0
pubchem_f549,0.27896253602305476,1.0,0.0
pubchem_f672,0.25821325648414983,1.0,0.0
pubchem_f390,0.08991354466858789,1.0,0.0
pattern_c107,0.2011527377521614,1.0,0.0
hemiacetal,0.01729106628242075,1.0,0.0
dialkylether,0.07896253602305475,1.0,0.0
maccs_k097,0.21613832853025935,1.0,0.0
pattern_c317,0.016714697406340056,1.0,0.0
dialkylthioether,0.016714697406340056,1.0,0.0
sugar_pattern_2_reducing,0.016714697406340056,1.0,0.0
pubchem_f484,0.016714697406340056,1.0,0.0
maccs_k058,0.03400576368876081,1.0,0.0
pubchem_f488,0.10605187319884726,1.0,0.0
conjugated_double_bond,0.38213256484149855,1.0,0.0
pubchem_f704,0.07780979827089338,1.0,0.0
maccs_k101,0.45360230547550434,1.0,0.0
pubchem_f644,0.28472622478386167,1.0,0.0
organofluoride_pattern2,5.763688760806917E-4,1.0,0.0
pattern_c204,5.763688760806917E-4,1.0,0.0
maccs_322_033,5.763688760806917E-4,1.0,0.0
dithiocarbamic acid ester,5.763688760806917E-4,1.0,0.0
pubchem_f167,5.763688760806917E-4,1.0,0.0
dibenzo_14_diazepine,5.763688760806917E-4,1.0,0.0
pattern_c125,5.763688760806917E-4,1.0,0.0
4_hydroxyanilide,5.763688760806917E-4,1.0,0.0
benzo_14_diazepine,5.763688760806917E-4,1.0,0.0
aryl_urea,5.763688760806917E-4,1.0,0.0
ring_of_size3,0.03342939481268011,1.0,0.0
maccs_k022,0.03342939481268011,1.0,0.0
pubchem_f116,0.03342939481268011,1.0,0.0
pubchem_f398,0.06685878962536022,1.0,0.0
pattern_c123,0.015561959654178675,1.0,0.0
sulfonamide,0.015561959654178675,1.0,0.0
pattern_c252,0.015561959654178675,1.0,0.0
guanidine,0.015561959654178675,1.0,0.0
pubchem_f117,0.015561959654178675,1.0,0.0
acetal_like,0.05590778097982709,1.0,0.0
maccs_k055,0.03227665706051873,1.0,0.0
pubchem_f148,0.014985590778097982,1.0,0.0
pubchem_f760,0.014985590778097982,1.0,0.0
pubchem_f823,0.014985590778097982,1.0,0.0
pubchem_f460,0.03170028818443804,1.0,0.0
pubchem_f152,0.01440922190201729,1.0,0.0
secondary aliphatic/aromatic amine,0.0138328530259366,1.0,0.0
pattern_c287,0.0138328530259366,1.0,0.0
pubchem_f610,0.013256484149855908,1.0,0.0
2|E1,0.0,0.0,0.0
